rank,name,year,rating,genre,certificate,run_time,tagline,budget,box_office,directors,writers
1,the shawshank redemption,1994,9.3,drama,r,142.0,fear can hold you prisoner. hope can set you free.,25000000.0,28884504.0,frank darabont,"stephen king,frank darabont"
2,the godfather,1972,9.2,"crime,drama",r,175.0,an offer you can't refuse.,6000000.0,250341816.0,francis ford coppola,"mario puzo,francis ford coppola"
3,the dark knight,2008,9.0,"action,crime,drama",pg-13,152.0,why so serious?,185000000.0,1006234167.0,christopher nolan,"jonathan nolan,christopher nolan,david s. goyer"
4,the godfather part ii,1974,9.0,"crime,drama",r,202.0,all the power on earth can't change destiny.,13000000.0,47961919.0,francis ford coppola,"francis ford coppola,mario puzo"
5,12 angry men,1957,9.0,"crime,drama",approved,96.0,life is in their hands -- death is on their minds!,350000.0,955.0,sidney lumet,reginald rose
6,schindler's list,1993,9.0,"biography,drama,history",r,195.0,"whoever saves one life, saves the world entire.",22000000.0,322161245.0,steven spielberg,"thomas keneally,steven zaillian"
7,the lord of the rings: the return of the king,2003,9.0,"action,adventure,drama",pg-13,201.0,the eye of the enemy is moving.,94000000.0,1146457748.0,peter jackson,"j.r.r. tolkien,fran walsh,philippa boyens"
8,pulp fiction,1994,8.9,"crime,drama",r,154.0,girls like me don't make invitations like this to just anyone!,8000000.0,213928762.0,quentin tarantino,"quentin tarantino,roger avary"
9,the lord of the rings: the fellowship of the ring,2001,8.8,"action,adventure,drama",pg-13,178.0,the legend comes to life,93000000.0,898204420.0,peter jackson,"j.r.r. tolkien,fran walsh,philippa boyens"
10,"the good, the bad and the ugly",1966,8.8,"adventure,western",approved,178.0,they formed an alliance of hate to steal a fortune in dead man's gold,1200000.0,25253887.0,sergio leone,"luciano vincenzoni,sergio leone,agenore incrocci"
11,forrest gump,1994,8.8,"drama,romance",pg-13,142.0,the story of a lifetime.,55000000.0,678226465.0,robert zemeckis,"winston groom,eric roth"
12,fight club,1999,8.8,drama,r,139.0,how much can you know about yourself if you've never been in a fight?,63000000.0,101209702.0,david fincher,"chuck palahniuk,jim uhls"
13,the lord of the rings: the two towers,2002,8.8,"action,adventure,drama",pg-13,179.0,a new power is rising.,94000000.0,947944270.0,peter jackson,"j.r.r. tolkien,fran walsh,philippa boyens"
14,inception,2010,8.8,"action,adventure,sci-fi",pg-13,148.0,your mind is the scene of the crime,160000000.0,836848102.0,christopher nolan,christopher nolan
15,star wars: episode v - the empire strikes back,1980,8.7,"action,adventure,fantasy",pg,124.0,the adventure continues...,18000000.0,538375067.0,irvin kershner,"leigh brackett,lawrence kasdan,george lucas"
16,the matrix,1999,8.7,"action,sci-fi",r,136.0,free your mind,63000000.0,467222728.0,"lana wachowski,lilly wachowski","lilly wachowski,lana wachowski"
17,goodfellas,1990,8.7,"biography,crime,drama",r,145.0,"""as far back as i can remember, i've always wanted to be a gangster."" -- henry hill, brooklyn, n.y. 1955.",25000000.0,47036784.0,martin scorsese,"nicholas pileggi,martin scorsese"
18,one flew over the cuckoo's nest,1975,8.7,drama,18+,133.0,"if he's crazy, what does that make you?",3000000.0,109114817.0,milos forman,"lawrence hauben,bo goldman,ken kesey"
19,se7en,1995,8.6,"crime,drama,mystery",r,127.0,"long is the way, and hard, that out of hell leads up to light.",33000000.0,327333559.0,david fincher,andrew kevin walker
20,seven samurai,1954,8.6,"action,drama",not rated,207.0,will take its place with the seven greatest films of all time!,125000000.0,346258.0,akira kurosawa,"akira kurosawa,shinobu hashimoto,hideo oguni"
21,it's a wonderful life,1946,8.6,"drama,family,fantasy",pg,130.0,"frank capra's...""it's a wonderful life"".",3180000.0,8574081.0,frank capra,"frances goodrich,albert hackett,frank capra"
22,the silence of the lambs,1991,8.6,"crime,drama,thriller",r,118.0,"dr. hannibal lecter. brilliant. cunning. psychotic. in his mind lies the clue to a ruthless killer. - clarice starling, fbi. brilliant. vulnerable. alone. she must trust him to stop the killer.",19000000.0,272742922.0,jonathan demme,"thomas harris,ted tally"
23,city of god,2002,8.6,"crime,drama",r,130.0,"if you run, the beast will get you. if you stay, the beast will eat you",0.0,30680793.0,"fernando meirelles,kátia lund(co-director)","paulo lins,bráulio mantovani"
24,saving private ryan,1998,8.6,"drama,war",r,169.0,"in the last great invasion of the last great war, the greatest danger for eight men was saving... one.",70000000.0,482349603.0,steven spielberg,robert rodat
25,interstellar,2014,8.6,"adventure,drama,sci-fi",pg-13,169.0,mankind was born on earth. it was never meant to die here.,165000000.0,773867216.0,christopher nolan,"jonathan nolan,christopher nolan"
26,life is beautiful,1997,8.6,"comedy,drama,romance",pg-13,116.0,"an unforgettable fable that proves love, family and imagination conquer all. (canadian one sheet)",20000000.0,230098753.0,roberto benigni,"vincenzo cerami,roberto benigni"
27,the green mile,1999,8.6,"crime,drama,fantasy",r,189.0,miracles do happen.,60000000.0,286801374.0,frank darabont,"stephen king,frank darabont"
28,star wars: episode iv - a new hope,1977,8.6,"action,adventure,fantasy",pg,121.0,it's back! the force will be with you for three weeks only. (1979 reissue poster),11000000.0,775398007.0,george lucas,george lucas
29,terminator 2: judgment day,1991,8.6,"action,sci-fi",r,137.0,it's nothing personal.,102000000.0,520881154.0,james cameron,"james cameron,william wisher"
30,back to the future,1985,8.5,"adventure,comedy,sci-fi",pg,116.0,he's the only kid ever to get into trouble before he was born. [uk],19000000.0,383336762.0,robert zemeckis,"robert zemeckis,bob gale"
31,spirited away,2001,8.6,"animation,adventure,family",pg,125.0,the tunnel led chihiro to a mysterious town.,19000000.0,355822319.0,hayao miyazaki,hayao miyazaki
32,the pianist,2002,8.5,"biography,drama,music",r,150.0,music was his passion. survival was his masterpiece.,35000000.0,120072577.0,roman polanski,"ronald harwood,wladyslaw szpilman"
33,psycho,1960,8.5,"horror,mystery,thriller",r,109.0,the picture you must see from the beginning... or not at all!... for no one will be seated after the start of... alfred hitchcock's greatest shocker psycho.,806947.0,32052925.0,alfred hitchcock,"joseph stefano,robert bloch"
34,parasite,2019,8.5,"drama,thriller",r,132.0,misplaced familyhood (australia/new zealand/singapore),11400000.0,262676096.0,bong joon ho,"bong joon ho,han jin-won"
35,léon: the professional,1994,8.5,"action,crime,drama",r,110.0,"if you want the job done right, hire a professional.",0.0,19569225.0,luc besson,luc besson
36,the lion king,1994,8.5,"animation,adventure,drama",g,88.0,see it for the first time ever in 3d (2011 3d re-release),45000000.0,968511805.0,"roger allers,rob minkoff","irene mecchi,jonathan roberts,linda woolverton"
37,gladiator,2000,8.5,"action,adventure,drama",r,155.0,"father of a murdered son, husband to a murdered wife and i shall have my vengeance in this life or the next",103000000.0,503162313.0,ridley scott,"david franzoni,john logan,william nicholson"
38,american history x,1998,8.5,"crime,drama",r,119.0,his father taught him to hate. his friends taught him rage. his enemies gave him hope.,20000000.0,23875127.0,tony kaye,david mckenna
39,the departed,2006,8.5,"crime,drama,thriller",r,151.0,lies. betrayal. sacrifice. how far will you take it?,90000000.0,291480452.0,martin scorsese,"william monahan,alan mak,felix chong"
40,the usual suspects,1995,8.5,"crime,drama,mystery",r,106.0,the greatest trick the devil ever pulled was to convince the world he didn't exist,6000000.0,23341568.0,bryan singer,christopher mcquarrie
41,the prestige,2006,8.5,"drama,mystery,sci-fi",pg-13,130.0,a friendship that became a rivalry.,40000000.0,109676311.0,christopher nolan,"jonathan nolan,christopher nolan,christopher priest"
42,whiplash,2014,8.5,"drama,music",r,106.0,the road to greatness can take you to the edge,3300000.0,49396747.0,damien chazelle,damien chazelle
43,casablanca,1942,8.5,"drama,romance,war",pg,102.0,where love cuts as deep as a dagger!,950000.0,4626532.0,michael curtiz,"julius j. epstein,philip g. epstein,howard koch"
44,grave of the fireflies,1988,8.5,"animation,drama,war",not rated,89.0,imationdramawar,3700000.0,516962.0,isao takahata,"akiyuki nosaka,isao takahata"
45,harakiri,1962,8.6,"action,drama,mystery",not rated,133.0,the world has never understood why the japanese prefer death to dishonor! this samurai picture provides the answer!!,0.0,0.0,masaki kobayashi,"yasuhiko takiguchi,shinobu hashimoto"
46,the intouchables,2011,8.5,"biography,comedy,drama",r,112.0,sometimes you have to reach into someone else's world to find out what's missing in your own.,9500000.0,426588510.0,"olivier nakache,éric toledano","olivier nakache,éric toledano,philippe pozzo di borgo"
47,modern times,1936,8.5,"comedy,drama,romance",g,87.0,"he stands alone as the greatest entertainer of modern times! no one on earth can make you laugh as heartily or touch your heart as deeply...the whole world laughs, cries and thrills to his priceless genius!",1500000.0,463618.0,charles chaplin,charles chaplin
48,once upon a time in the west,1968,8.5,western,pg-13,165.0,there were three men in her life. one knew her past. one wanted her land. one wanted revenge.,5000000.0,5435024.0,sergio leone,"sergio donati,sergio leone,dario argento"
49,rear window,1954,8.5,"mystery,thriller",pg,112.0,the essential hitchcock,1000000.0,37034579.0,alfred hitchcock,"john michael hayes,cornell woolrich"
50,cinema paradiso,1988,8.5,"drama,romance",pg,155.0,"a celebration of youth, friendship, and the everlasting magic of the movies.",5000000.0,13019063.0,giuseppe tornatore,"giuseppe tornatore,vanna paoli"
51,alien,1979,8.5,"horror,sci-fi",r,117.0,in space no one can hear you scream.,11000000.0,106285522.0,ridley scott,"dan o'bannon,ronald shusett"
52,city lights,1931,8.5,"comedy,drama,romance",g,87.0,"he returns -and the world rocks again with laughter. (print ad-daily examiner, ((grafton, nsw)) 6 july 1931)",1500000.0,50419.0,charles chaplin,"charles chaplin,harry carr,harry crocker"
53,apocalypse now,1979,8.5,"drama,mystery,war",r,147.0,the horror. . . the horror. . .,31500000.0,104880868.0,francis ford coppola,"john milius,francis ford coppola,michael herr"
54,memento,2000,8.4,"mystery,thriller",r,113.0,some memories are best forgotten,9000000.0,40047078.0,christopher nolan,"christopher nolan,jonathan nolan"
55,django unchained,2012,8.4,"drama,western",r,165.0,"life, liberty and the pursuit of vengeance.",100000000.0,426074373.0,quentin tarantino,quentin tarantino
56,indiana jones and the raiders of the lost ark,1981,8.4,"action,adventure",pg,115.0,indiana jones - the new hero from the creators of jaws and star wars.,18000000.0,389925971.0,steven spielberg,"lawrence kasdan,george lucas,philip kaufman"
57,wall·e,2008,8.4,"animation,adventure,family",g,98.0,after 700 years of doing what he was built for - he'll discover what he's meant for.,180000000.0,521311890.0,andrew stanton,"andrew stanton,pete docter,jim reardon"
58,the lives of others,2006,8.4,"drama,mystery,thriller",r,137.0,"before the fall of the berlin wall, east germany's secret police listened to your secrets",2000000.0,77356942.0,florian henckel von donnersmarck,florian henckel von donnersmarck
59,sunset blvd.,1950,8.4,"drama,film-noir",passed,110.0,a hollywood story,1752000.0,300073.0,billy wilder,"charles brackett,billy wilder,d.m. marshman jr."
60,paths of glory,1957,8.4,"drama,war",approved,88.0,never has the screen thrust so deeply into the guts of war!,935000.0,5252.0,stanley kubrick,"stanley kubrick,calder willingham,jim thompson"
61,the shining,1980,8.4,"drama,horror",r,146.0,iconic terror from the no 1 bestselling writer.,19000000.0,47335804.0,stanley kubrick,"stephen king,stanley kubrick,diane johnson"
62,the great dictator,1940,8.4,"comedy,drama,war",g,125.0,the comedy masterpiece!,2000000.0,970263.0,charles chaplin,charles chaplin
63,avengers: infinity war,2018,8.4,"action,adventure,sci-fi",pg-13,149.0,an entire universe. once and for all.,321000000.0,2052415039.0,"anthony russo,joe russo","christopher markus,stephen mcfeely,stan lee"
64,witness for the prosecution,1957,8.4,"crime,drama,mystery",approved,116.0,the most electrifying entertainment of our time!,3000000.0,7693.0,billy wilder,"agatha christie,billy wilder,harry kurnitz"
65,aliens,1986,8.4,"action,adventure,sci-fi",r,137.0,this time there's more.,18500000.0,131060248.0,james cameron,"james cameron,david giler,walter hill"
66,spider-man: into the spider-verse,2018,8.4,"animation,action,adventure",pg,117.0,enter a universe where more than one wears the mask.,0.0,0.0,"bob persichetti,peter ramsey,rodney rothman","phil lord,rodney rothman"
67,american beauty,1999,8.4,drama,r,122.0,... look closer,15000000.0,356296601.0,sam mendes,alan ball
68,dr. strangelove or: how i learned to stop worrying and love the bomb,1964,8.4,"comedy,war",pg,95.0,the comedy classic from celebrated director stanley kubrick,1800000.0,9523464.0,stanley kubrick,"stanley kubrick,terry southern,peter george"
69,the dark knight rises,2012,8.4,"action,drama",pg-13,164.0,the legend ends,250000000.0,1081169825.0,christopher nolan,"jonathan nolan,christopher nolan,david s. goyer"
70,oldboy,2003,8.4,"action,drama,mystery",r,120.0,"15 years of imprisonment, five days of vengeance",3000000.0,15421226.0,park chan-wook,"garon tsuchiya,nobuaki minegishi,park chan-wook"
71,inglourious basterds,2009,8.3,"adventure,drama,war",r,153.0,once upon a time in nazi occupied france...,70000000.0,321457747.0,quentin tarantino,quentin tarantino
72,amadeus,1984,8.4,"biography,drama,music",pg,160.0,the man... the music... the madness... the murder... the motion picture...,18000000.0,52066791.0,milos forman,"peter shaffer,zdenek mahler"
73,coco,2017,8.4,"animation,adventure,comedy",pg,105.0,the celebration of a lifetime,175000000.0,814337054.0,"lee unkrich,adrian molina(co-directed by)","lee unkrich,jason katz,matthew aldrich"
74,toy story,1995,8.3,"animation,adventure,comedy",g,81.0,"""oooh...3-d"" (usa 2009 re-release)",30000000.0,394436586.0,john lasseter,"john lasseter,pete docter,andrew stanton"
75,joker,2019,8.4,"crime,drama,thriller",r,122.0,put on a happy face.,55000000.0,1074458282.0,todd phillips,"todd phillips,scott silver,bob kane"
76,braveheart,1995,8.4,"biography,drama,history",r,178.0,the story of a man with a free soul...and with the courage to follow it.,72000000.0,213216216.0,mel gibson,randall wallace
77,the boat,1981,8.4,"drama,war",not available,0.0,"this is the story of 42 raw recruits caught up in a war they didn't understand, and the captain who must lead them in their struggle to survive.",0.0,11487676.0,wolfgang petersen,"wolfgang petersen,lothar g. buchheim"
78,avengers: endgame,2019,8.4,"action,adventure,drama",pg-13,181.0,avenge the fallen.,356000000.0,2799439100.0,"anthony russo,joe russo","christopher markus,stephen mcfeely,stan lee"
79,princess mononoke,1997,8.4,"animation,action,adventure",pg-13,134.0,live on.,2400000000.0,170005875.0,hayao miyazaki,"hayao miyazaki,neil gaiman"
80,once upon a time in america,1984,8.3,"crime,drama",r,229.0,"crime, passion and lust for power - sergio leone's explosive saga of gangland america.",30000000.0,5473337.0,sergio leone,"harry grey,leonardo benvenuti,piero de bernardi"
81,good will hunting,1997,8.3,"drama,romance",r,126.0,"some people can never believe in themselves, until someone believes in them.",0.0,0.0,gus van sant,"matt damon,ben affleck"
82,your name.,2016,8.4,"animation,drama,fantasy",tv-pg,106.0,"experience japan's #1 film of 2016, from visionary director makoto shinkai",0.0,0.0,makoto shinkai,"makoto shinkai,clark cheng"
83,3 idiots,2009,8.4,"comedy,drama",pg-13,170.0,don't be stupid. be an i.d.i.o.t.,550000000.0,60262836.0,rajkumar hirani,"rajkumar hirani,abhijat joshi,vidhu vinod chopra"
84,singin' in the rain,1952,8.3,"comedy,musical,romance",g,103.0,singin' swingin' glorious feelin' technicolor musical,2540800.0,2000288.0,"stanley donen,gene kelly","betty comden,adolph green"
85,requiem for a dream,2000,8.3,drama,unrated,102.0,from the director of [pi],4500000.0,7390108.0,darren aronofsky,"hubert selby jr.,darren aronofsky"
86,toy story 3,2010,8.3,"animation,adventure,comedy",g,103.0,the breakout comedy of the summer,200000000.0,1067316101.0,lee unkrich,"john lasseter,andrew stanton,lee unkrich"
87,high and low,1963,8.4,"crime,drama,mystery",not rated,143.0,142 screenful minutes of thrills and suspense!,0.0,0.0,akira kurosawa,"hideo oguni,ryûzô kikushima,eijirô hisaita"
88,capernaum,2018,8.4,drama,r,126.0,"""why are you suing your parents?"" ""for giving me life.""",0.0,0.0,nadine labaki,"nadine labaki,jihad hojeily,michelle keserwany"
89,star wars: episode vi - return of the jedi,1983,8.3,"action,adventure,fantasy",pg,131.0,"coming may 25, 1983 to your galaxy. [second advance poster]",32500000.0,475106177.0,richard marquand,"lawrence kasdan,george lucas"
90,eternal sunshine of the spotless mind,2004,8.3,"drama,romance,sci-fi",r,108.0,i already forget how i used to feel about you.,20000000.0,74036715.0,michel gondry,"charlie kaufman,michel gondry,pierre bismuth"
91,2001: a space odyssey,1968,8.3,"adventure,sci-fi",g,149.0,let the awe and mystery of a journey unlike any other begin,12000000.0,65889846.0,stanley kubrick,"stanley kubrick,arthur c. clarke"
92,reservoir dogs,1992,8.3,"crime,thriller",r,99.0,seven total strangers team up for the perfect crime. they don't know each other's name. but they've got each other's color,1200000.0,2913644.0,quentin tarantino,"quentin tarantino,roger avary"
93,come and see,1985,8.4,"drama,thriller,war",not rated,142.0,the cruelest side of war.,0.0,0.0,elem klimov,"ales adamovich,elem klimov"
94,the hunt,2012,8.3,drama,r,115.0,the lie is spreading.,0.0,0.0,thomas vinterberg,"thomas vinterberg,tobias lindholm"
95,citizen kane,1941,8.3,"drama,mystery",pg,119.0,radio's most dynamic artist . . the man at whose voice a nation trembled . . . now the screen's most exciting new star ! orson welles in the picture hollywood said he'd never make,839727.0,1645133.0,orson welles,"herman j. mankiewicz,orson welles,john houseman"
96,m,1931,8.3,"crime,mystery,thriller",passed,99.0,it staggers the senses!...shocks the imagination - it will leave you gasping - it is the sensation of 3 continents!,0.0,35566.0,fritz lang,"thea von harbou,fritz lang,egon jacobsohn"
97,lawrence of arabia,1962,8.3,"adventure,biography,drama",approved,218.0,a mighty motion picture of action and adventure!,15000000.0,45720631.0,david lean,"robert bolt,michael wilson"
98,north by northwest,1959,8.3,"action,adventure,mystery",approved,136.0,alfred hitchcock takes you.... north by northwest!,3101000.0,142319.0,alfred hitchcock,ernest lehman
99,vertigo,1958,8.3,"mystery,romance,thriller",pg,128.0,a hitchcock thriller. you should see it from the beginning!,2479000.0,7798146.0,alfred hitchcock,"alec coppel,samuel a. taylor,pierre boileau"
100,ikiru,1952,8.3,drama,not rated,143.0,one of the great films of our time!,0.0,96302.0,akira kurosawa,"akira kurosawa,shinobu hashimoto,hideo oguni"
101,amélie,2001,8.3,"comedy,romance",r,122.0,one person can change your life forever.,10000000.0,174122191.0,jean-pierre jeunet,"guillaume laurant,jean-pierre jeunet"
102,the apartment,1960,8.3,"comedy,drama,romance",approved,125.0,"movie-wise, there has never been anything like ""the apartment"" love-wise, laugh-wise or otherwise-wise!",3000000.0,18778738.0,billy wilder,"billy wilder,i.a.l. diamond"
103,a clockwork orange,1971,8.3,"crime,sci-fi",x,136.0,"being the adventures of a young man ... who couldn't resist pretty girls ... or a bit of the old ultra-violence ... went to jail, was re-conditioned ... and came out a different young man ... or was he ?",2200000.0,26960374.0,stanley kubrick,"stanley kubrick,anthony burgess"
104,double indemnity,1944,8.3,"crime,drama,film-noir",passed,107.0,"it's love and murder at first sight! (print ad - lubbock morning avalanche - lindsey theatre - lubbock, texas - september 1, 1944 - all caps)",927262.0,14651.0,billy wilder,"billy wilder,raymond chandler,james m. cain"
105,full metal jacket,1987,8.3,"drama,war",r,116.0,an epic story of the vietnam war [australia theatrical],30000000.0,46358827.0,stanley kubrick,"stanley kubrick,michael herr,gustav hasford"
106,top gun: maverick,2022,8.3,"action,drama",pg-13,130.0,feel the need... the need for speed.,170000000.0,1488732821.0,joseph kosinski,"jim cash,jack epps jr.,peter craig"
107,scarface,1983,8.3,"crime,drama",r,170.0,he was tony montana. the world will remember him by another name...scarface.,25000000.0,65884703.0,brian de palma,"oliver stone,howard hawks,ben hecht"
108,hamilton,2020,8.4,"biography,drama,history",pg-13,160.0,an american musical,0.0,0.0,thomas kail,"lin-manuel miranda,ron chernow"
109,incendies,2010,8.3,"drama,mystery",r,131.0,the search began at the opening of their mother's will.,6800000.0,6788659.0,denis villeneuve,"denis villeneuve,wajdi mouawad,valérie beaugrand-champagne"
110,to kill a mockingbird,1962,8.3,"crime,drama",approved,129.0,the most beloved and widely read pulitzer prize winner now comes vividly alive on the screen!,2000000.0,599146.0,robert mulligan,"harper lee,horton foote"
111,heat,1995,8.3,"action,crime,drama",r,170.0,an l.a. redemption,60000000.0,187436818.0,michael mann,michael mann
112,the sting,1973,8.3,"comedy,crime,drama",pg,129.0,"recapture ""the sting experience"". remember how good the feel was the first time (re-release)",5500000.0,156000000.0,george roy hill,david s. ward
113,up,2009,8.3,"animation,adventure,comedy",pg,96.0,fly up to venezuela,175000000.0,735099102.0,"pete docter,bob peterson(co-director)","pete docter,bob peterson,tom mccarthy"
114,a separation,2011,8.3,drama,pg-13,123.0,"ugly truth, sweet lies",500000.0,22926076.0,asghar farhadi,asghar farhadi
115,metropolis,1927,8.3,"drama,sci-fi",not rated,153.0,fritz lang's 1927 masterpiece now with 25 minutes of lost footage (2010 re-release),0.0,1349711.0,fritz lang,"thea von harbou,fritz lang"
116,taxi driver,1976,8.2,"crime,drama",r,114.0,"on every street in every city in this country, there's a nobody who dreams of being a somebody.",1300000.0,28570902.0,martin scorsese,paul schrader
117,l.a. confidential,1997,8.2,"crime,drama,mystery",r,138.0,"off the record, on the qt, and very hush-hush...",35000000.0,126216940.0,curtis hanson,"james ellroy,brian helgeland,curtis hanson"
118,die hard,1988,8.2,"action,thriller",r,132.0,it will blow you through the back wall of the theater!,28000000.0,141603197.0,john mctiernan,"roderick thorp,jeb stuart,steven e. de souza"
119,snatch,2000,8.2,"comedy,crime",r,102.0,stealin' stones and breakin' bones,6000000.0,83557872.0,guy ritchie,guy ritchie
120,indiana jones and the last crusade,1989,8.2,"action,adventure",pg-13,127.0,he's back in an all new adventure. memorial day 1989.,48000000.0,474171806.0,steven spielberg,"jeffrey boam,george lucas,menno meyjes"
121,bicycle thieves,1948,8.3,drama,not rated,89.0,the prize picture they want to censor!,133000.0,436655.0,vittorio de sica,"cesare zavattini,luigi bartolini,oreste biancoli"
122,like stars on earth,2007,8.3,"drama,family",pg,165.0,every child is special,0.0,21897373.0,"aamir khan,amole gupte(uncredited)",amole gupte
123,1917,2019,8.2,"action,drama,war",r,119.0,time is the enemy.,95000000.0,384479940.0,sam mendes,"sam mendes,krysty wilson-cairns"
124,downfall,2004,8.2,"biography,drama,history",r,156.0,"april 1945, a nation awaits its...",13500000.0,92181574.0,oliver hirschbiegel,"bernd eichinger,joachim fest,traudl junge"
125,dangal,2016,8.3,"action,biography,drama",not rated,161.0,you think our girls are any lesser than boys?,0.0,0.0,nitesh tiwari,"piyush gupta,shreyas jain,nikhil mehrotra"
126,for a few dollars more,1965,8.2,western,r,132.0,the man with no name is back.,600000.0,15000000.0,sergio leone,"sergio leone,fulvio morsella,luciano vincenzoni"
127,batman begins,2005,8.2,"action,crime,drama",pg-13,140.0,the legend begins,150000000.0,373672993.0,christopher nolan,"bob kane,david s. goyer,christopher nolan"
128,the kid,1921,8.3,"comedy,drama,family",passed,68.0,this is the great film he has been working on for a whole year,250000.0,41960.0,charles chaplin,charles chaplin
129,some like it hot,1959,8.2,"comedy,music,romance",passed,121.0,"not since scarface, so much action. not since the marx brothers, so much comedy. not since the seven year itch, so much marilyn.",2883848.0,195088.0,billy wilder,"billy wilder,i.a.l. diamond,robert thoeren"
130,the father,2020,8.2,"drama,mystery",pg-13,97.0,nothing is as it seems,6000000.0,24427162.0,florian zeller,"christopher hampton,florian zeller"
131,all about eve,1950,8.2,drama,passed,138.0,it's all about women---and their men!,1400000.0,151052.0,joseph l. mankiewicz,"joseph l. mankiewicz,mary orr"
132,the wolf of wall street,2013,8.2,"biography,comedy,crime",r,180.0,earn. spend. party.,100000000.0,406878233.0,martin scorsese,"terence winter,jordan belfort"
133,green book,2018,8.2,"biography,comedy,drama",pg-13,130.0,inspired by a true friendship,23000000.0,321752656.0,peter farrelly,"nick vallelonga,brian hayes currie,peter farrelly"
134,judgment at nuremberg,1961,8.3,"drama,war",approved,179.0,more than a motion picture...it is an overwhelming experience in human emotion you will never forget!,3000000.0,12180.0,stanley kramer,"abby mann,montgomery clift"
135,casino,1995,8.2,"crime,drama",r,178.0,you don't stay at the top forever,52000000.0,116112375.0,martin scorsese,"nicholas pileggi,martin scorsese"
136,ran,1985,8.2,"action,drama,war",r,162.0,tiondramawar,11500000.0,4164283.0,akira kurosawa,"akira kurosawa,hideo oguni,masato ide"
137,pan's labyrinth,2006,8.2,"drama,fantasy,war",r,118.0,what happens when make-believe believes it's real?,19000000.0,83862032.0,guillermo del toro,guillermo del toro
138,the truman show,1998,8.2,"comedy,drama",pg,103.0,all the world's a stage...,60000000.0,264118201.0,peter weir,andrew niccol
139,there will be blood,2007,8.2,drama,r,158.0,there will be greed. there will be vengeance.,25000000.0,76182388.0,paul thomas anderson,"paul thomas anderson,upton sinclair"
140,unforgiven,1992,8.2,"drama,western",r,130.0,"it's a hell of a thing, killing a man",14400000.0,159167799.0,clint eastwood,david webb peoples
141,the sixth sense,1999,8.2,"drama,mystery,thriller",pg-13,107.0,"""i see dead people""",40000000.0,672806432.0,m. night shyamalan,m. night shyamalan
142,shutter island,2010,8.2,"mystery,thriller",r,138.0,someone is missing.,80000000.0,294805697.0,martin scorsese,"laeta kalogridis,dennis lehane"
143,a beautiful mind,2001,8.2,"biography,drama",pg-13,135.0,the only thing greater than the power of the mind is the courage of the heart,58000000.0,316791257.0,ron howard,"akiva goldsman,sylvia nasar"
144,jurassic park,1993,8.2,"action,adventure,sci-fi",pg-13,127.0,life finds a way.,63000000.0,1109802321.0,steven spielberg,"michael crichton,david koepp"
145,yojimbo,1961,8.2,"action,drama,thriller",not rated,110.0,better if all these men were dead. think about it!,0.0,46808.0,akira kurosawa,"akira kurosawa,ryûzô kikushima"
146,the treasure of the sierra madre,1948,8.2,"adventure,drama,western",passed,126.0,storming to a new high in high adventure !,3000000.0,5014000.0,john huston,"john huston,b. traven"
147,monty python and the holy grail,1975,8.2,"adventure,comedy,fantasy",pg,91.0,you can do worse than see it.,229575.0,1940906.0,"terry gilliam,terry jones","graham chapman,john cleese,eric idle"
148,the great escape,1963,8.2,"adventure,drama,history",approved,172.0,put a fence in front of these men...and they'll climb it...,4000000.0,228178.0,john sturges,"paul brickhill,james clavell,w.r. burnett"
149,no country for old men,2007,8.2,"crime,drama,thriller",r,122.0,there are no clean getaways,25000000.0,171627434.0,"ethan coen,joel coen","joel coen,ethan coen,cormac mccarthy"
150,spider-man: no way home,2021,8.2,"action,adventure,fantasy",pg-13,148.0,the multiverse unleashed.,200000000.0,1921847111.0,jon watts,"chris mckenna,erik sommers,stan lee"
151,kill bill: vol. 1,2003,8.2,"action,crime,drama",r,111.0,"in the year 2003, uma thurman will kill bill",30000000.0,180906076.0,quentin tarantino,"quentin tarantino,uma thurman"
152,rashomon,1950,8.2,"crime,drama,mystery",not rated,88.0,"the husband, the wife...or the bandit?",250000.0,81379.0,akira kurosawa,"ryûnosuke akutagawa,akira kurosawa,shinobu hashimoto"
153,the thing,1982,8.2,"horror,mystery,sci-fi",r,109.0,anytime. anywhere. anyone.,15000000.0,19632715.0,john carpenter,"bill lancaster,john w. campbell jr."
154,finding nemo,2003,8.2,"animation,adventure,comedy",g,100.0,71% of the earth's surface is covered by water. that's a lot of space to find one fish.,94000000.0,941637960.0,"andrew stanton,lee unkrich(co-director)","andrew stanton,bob peterson,david reynolds"
155,the elephant man,1980,8.2,"biography,drama",pg,124.0,an incredible but true story... probably this year's best film.,5000000.0,26023860.0,david lynch,"christopher de vore,eric bergren,david lynch"
156,chinatown,1974,8.2,"drama,mystery,thriller",r,130.0,you get tough. you get tender. you get close to each other. maybe you even get close to the truth.,6000000.0,29225935.0,roman polanski,"robert towne,roman polanski"
157,raging bull,1980,8.2,"biography,drama,sport",r,129.0,ographydramasport,18000000.0,23402427.0,martin scorsese,"jake lamotta,joseph carter,peter savage"
158,v for vendetta,2005,8.2,"action,drama,sci-fi",r,132.0,"remember, remember the 5th of november, the gun powder treason and plot. i know of no reason why the gun powder treason should ever be forgot.",54000000.0,134686457.0,james mcteigue,"lilly wachowski,lana wachowski,david lloyd"
159,gone with the wind,1939,8.2,"drama,romance,war",passed,238.0,"for the thousands who remember its unparalleled drama, action and romance! for the new thousands to whom the wonders will be revealed for the first time! breathtaking spectacle, inspired acting by the greatest cast ever assembled! the screen's most exciting love story! the most-talked about picture ever made! [reissue]",3977000.0,402382193.0,"victor fleming,george cukor(uncredited),sam wood(uncredited)","margaret mitchell,sidney howard,oliver h.p. garrett"
160,"lock, stock and two smoking barrels",1998,8.2,"action,comedy,crime",r,107.0,a disgrace to criminals everywhere.,960000.0,3753929.0,guy ritchie,guy ritchie
161,inside out,2015,8.2,"animation,adventure,comedy",pg,95.0,meet the little voices inside your head.,175000000.0,858848019.0,"pete docter,ronnie del carmen(co-director)","pete docter,ronnie del carmen,meg lefauve"
162,dial m for murder,1954,8.2,"crime,thriller",pg,105.0,kiss by kiss...supreme suspense unfurls!,1400000.0,31207.0,alfred hitchcock,frederick knott
163,the secret in their eyes,2009,8.2,"drama,mystery,romance",r,129.0,un crimen sin castigo. un amor puro. una historia que no debe morir. [a crime without a punishment. a pure love. a story that must not die.],0.0,0.0,juan josé campanella,"eduardo sacheri,juan josé campanella"
164,howl's moving castle,2004,8.2,"animation,adventure,family",pg,119.0,imationadventurefamilyfantasy,24000000.0,237536126.0,hayao miyazaki,"hayao miyazaki,diana wynne jones"
165,"three billboards outside ebbing, missouri",2017,8.1,"comedy,crime,drama",r,115.0,medycrimedrama,15000000.0,162861289.0,martin mcdonagh,martin mcdonagh
166,the bridge on the river kwai,1957,8.2,"adventure,drama,war",pg,161.0,"the towering triumph of adventure from the makers of ""lawrence of arabia.""",3000000.0,27200000.0,david lean,"pierre boulle,carl foreman,michael wilson"
167,trainspotting,1996,8.1,drama,r,93.0,"choose life. choose a job. choose a starter home. choose dental insurance, leisure wear and matching luggage. choose your future. but why would anyone want to do a thing like that?",1500000.0,16767475.0,danny boyle,"irvine welsh,john hodge"
168,prisoners,2013,8.1,"crime,drama,mystery",r,153.0,every moment matters,46000000.0,122126687.0,denis villeneuve,aaron guzikowski
169,warrior,2011,8.2,"action,drama,sport",pg-13,140.0,fight for country,25000000.0,23308615.0,gavin o'connor,"gavin o'connor,anthony tambakis,cliff dorfman"
170,fargo,1996,8.1,"crime,thriller",r,98.0,a homespun murder story.,7000000.0,60611975.0,"joel coen,ethan coen(uncredited)","ethan coen,joel coen"
171,gran torino,2008,8.1,drama,r,116.0,ma,33000000.0,269958228.0,clint eastwood,"nick schenk,dave johannson"
172,my neighbor totoro,1988,8.1,"animation,comedy,family",g,86.0,imationcomedyfamilyfantasy,0.0,0.0,hayao miyazaki,hayao miyazaki
173,catch me if you can,2002,8.1,"biography,crime,drama",pg-13,141.0,the true story of a real fake.,0.0,0.0,steven spielberg,"jeff nathanson,frank abagnale jr.,stan redding"
174,million dollar baby,2004,8.1,"drama,sport",pg-13,132.0,"beyond his silence, there is a past. beyond her dreams, there is a feeling. beyond hope, there is a memory. beyond their journey, there is a love.",30000000.0,216763646.0,clint eastwood,"paul haggis,f.x. toole"
175,children of heaven,1997,8.2,"drama,family,sport",pg,89.0,a little secret...their biggest adventure!,0.0,0.0,majid majidi,majid majidi
176,blade runner,1982,8.1,"action,drama,sci-fi",r,117.0,a futuristic vision perfected [2007 final cut],28000000.0,41722424.0,ridley scott,"hampton fancher,david webb peoples,philip k. dick"
177,the gold rush,1925,8.1,"adventure,comedy,drama",passed,95.0,"""the picture i want to be remembered by."" -charlie chaplin. (print ad- calgary daily herald, ((calgary, alta.)) 30 december 1925)",923000.0,29328.0,charles chaplin,charles chaplin
178,before sunrise,1995,8.1,"drama,romance",r,101.0,jump on and live a eurorail journey you will never forget!,2500000.0,5987386.0,richard linklater,"richard linklater,kim krizan"
179,12 years a slave,2013,8.1,"biography,drama,history",r,134.0,the extraordinary true story of solomon northup,20000000.0,187733202.0,steve mcqueen,"john ridley,solomon northup"
180,klaus,2019,8.2,"animation,adventure,comedy",pg,96.0,discover the friendship that launched a legend.,0.0,0.0,"sergio pablos,carlos martínez lópez(co-director)","sergio pablos,jim mahoney,zach lewis"
181,harry potter and the deathly hallows: part 2,2011,8.1,"adventure,family,fantasy",pg-13,130.0,it all ends here,125000000.0,1342359942.0,david yates,"steve kloves,j.k. rowling"
182,on the waterfront,1954,8.1,"crime,drama,thriller",approved,108.0,the man lived by the jungle law of the docks!,910000.0,0.0,elia kazan,"budd schulberg,malcolm johnson,robert siodmak"
183,ben-hur,1959,8.1,"adventure,drama",g,212.0,a tale of the christ,15000000.0,74437720.0,william wyler,"lew wallace,karl tunberg,gore vidal"
184,gone girl,2014,8.1,"drama,mystery,thriller",r,149.0,you don't know what you've got 'til it's...,0.0,0.0,david fincher,gillian flynn
185,the grand budapest hotel,2014,8.1,"adventure,comedy,crime",r,99.0,venturecomedycrime,25000000.0,173082189.0,wes anderson,"stefan zweig,wes anderson,hugo guinness"
186,wild strawberries,1957,8.1,"drama,romance",not rated,91.0,"""we are such stuff as dreams are made on, and our little life is rounded with a sleep."" shakespeare - the tempest",0.0,60418.0,ingmar bergman,ingmar bergman
187,the general,1926,8.1,"action,adventure,comedy",passed,67.0,"buster drives ""the general"" to trainload of laughter. (trade paper ad).",750000.0,0.0,"clyde bruckman,buster keaton","buster keaton,clyde bruckman,al boasberg"
188,the third man,1949,8.1,"film-noir,mystery,thriller",approved,93.0,carol reed's classic thriller,0.0,1226507.0,carol reed,"graham greene,orson welles,alexander korda"
189,in the name of the father,1993,8.1,"biography,crime,drama",r,133.0,falsely accused.  wrongly imprisoned.  he fought for justice to clear his father's name.,0.0,0.0,jim sheridan,"gerry conlon,terry george,jim sheridan"
190,the deer hunter,1978,8.1,"drama,war",r,183.0,one of the most important and powerful films of all time!,15000000.0,49074379.0,michael cimino,"michael cimino,deric washburn,louis garfinkle"
191,barry lyndon,1975,8.1,"adventure,drama,war",pg,185.0,at long last redmond barry became a gentleman -- and that was his tragedy.,11000000.0,199632.0,stanley kubrick,"stanley kubrick,william makepeace thackeray"
192,hacksaw ridge,2016,8.1,"biography,drama,history",r,139.0,based on the incredible true story.,40000000.0,180563636.0,mel gibson,"robert schenkkan,andrew knight"
193,the wages of fear,1953,8.2,"adventure,drama,thriller",not rated,131.0,the complete restored version of the 1953 french classic [reissue],0.0,1098.0,henri-georges clouzot,"georges arnaud,henri-georges clouzot,jérôme géronimi"
194,memories of murder,2003,8.1,"crime,drama,mystery",not rated,132.0,"1986 in a small town...for two detectives, everything was new.",2800000.0,1166717.0,bong joon ho,"bong joon ho,kwang-rim kim,sung-bo shim"
195,sherlock jr.,1924,8.2,"action,comedy,romance",passed,45.0,every inch of footage holds such a laugh!,0.0,0.0,buster keaton,"jean c. havez,joseph a. mitchell,clyde bruckman"
196,wild tales,2014,8.1,"comedy,drama,thriller",r,122.0,we can all lose control,0.0,0.0,damián szifron,"germán servidio,damián szifron"
197,mr. smith goes to washington,1939,8.1,"comedy,drama",passed,129.0,"our operator says..""it's going to be a pleasure to run ""mr. smith goes to washington"" 5 days starting sunday, nov.7) (print ad - lubbock morning avalanche - cactus theatre - lubbock texas - november 2, 1938 - all caps)",1900000.0,144738.0,frank capra,"sidney buchman,lewis r. foster,myles connolly"
198,mad max: fury road,2015,8.1,"action,adventure,sci-fi",r,120.0,what a lovely day (all caps one sheet),150000000.0,415261382.0,george miller,"george miller,brendan mccarthy,nick lathouris"
199,the seventh seal,1957,8.1,"drama,fantasy",not rated,96.0,"a film of visual scope, of imaginative concept, of powerful content, written and directed by ingmar bergman, twice honored by the interational jury at the cannes film festival 1956,1957",150000.0,311212.0,ingmar bergman,ingmar bergman
200,mary and max,2009,8.1,"animation,comedy,drama",not rated,92.0,two unlikely people. two different worlds come together in a story about a most unusual friendship.,0.0,1740429.0,adam elliot,adam elliot
201,how to train your dragon,2010,8.1,"animation,action,adventure",pg,98.0,one adventure will change two worlds,165000000.0,494879471.0,"dean deblois,chris sanders","will davies,dean deblois,chris sanders"
202,room,2015,8.1,"drama,thriller",r,118.0,love knows no boundaries,13000000.0,35401758.0,lenny abrahamson,emma donoghue
203,"monsters, inc.",2001,8.1,"animation,adventure,comedy",g,92.0,"monsters, inc. : we scare because we care",115000000.0,579707738.0,"pete docter,david silverman(co-director),lee unkrich(co-director)","pete docter,jill culton,jeff pidgeon"
204,jaws,1975,8.1,"adventure,thriller",pg,124.0,amity island had everything. clear skies. gentle surf. warm water. people flocked there every summer. it was the perfect feeding ground.,7000000.0,476512065.0,steven spielberg,"peter benchley,carl gottlieb"
205,dead poets society,1989,8.1,"comedy,drama",pg,128.0,he was their inspiration. he made their lives extraordinary.,16400000.0,235860116.0,peter weir,tom schulman
206,the big lebowski,1998,8.1,"comedy,crime",r,117.0,hay quienes tratan de ganarse la vida sin mover un dedo... otros tienen que cortarlos. (mexico),15000000.0,46969409.0,"joel coen,ethan coen(uncredited)","ethan coen,joel coen"
207,tokyo story,1953,8.2,drama,not rated,136.0,"as long as life goes on, relationships between parents and children will bring boundless joy and endless grief.",0.0,0.0,yasujirô ozu,"kôgo noda,yasujirô ozu"
208,the passion of joan of arc,1928,8.2,"biography,drama,history",passed,114.0,joan of arc pictures inc. presents,0.0,0.0,carl theodor dreyer,"joseph delteil,carl theodor dreyer"
209,hotel rwanda,2004,8.1,"biography,drama,history",pg-13,121.0,"when a country descended into madness and the world turned its back, one man had to make a choice",17500000.0,33882243.0,terry george,"keir pearson,terry george"
210,ford v ferrari,2019,8.1,"action,biography,drama",pg-13,152.0,they took the american dream for a ride.,97600000.0,225508210.0,james mangold,"jez butterworth,john-henry butterworth,jason keller"
211,rocky,1976,8.1,"drama,sport",pg,120.0,you have a ringside seat for the bloodiest bicentennial in history!,960000.0,117250402.0,john g. avildsen,sylvester stallone
212,platoon,1986,8.1,"drama,war",r,120.0,the first casualty of war is innocence.,6000000.0,138545632.0,oliver stone,oliver stone
213,ratatouille,2007,8.1,"animation,adventure,comedy",g,111.0,dinner is served... summer 2007,150000000.0,623726085.0,"brad bird,jan pinkava(co-director)","brad bird,jan pinkava,jim capobianco"
214,spotlight,2015,8.1,"biography,crime,drama",r,129.0,break the story. break the silence.,20000000.0,98690254.0,tom mccarthy,"josh singer,tom mccarthy"
215,the terminator,1984,8.1,"action,sci-fi",r,107.0,"la sua missione e una sola: distruggere, uccidere... (his one and only mission: to destroy, to kill...) (italian dvd)",6400000.0,78371200.0,james cameron,"james cameron,gale anne hurd,william wisher"
216,logan,2017,8.1,"action,drama,sci-fi",r,137.0,his time has come,97000000.0,619179950.0,james mangold,"james mangold,scott frank,michael green"
217,stand by me,1986,8.1,"adventure,drama",13+,89.0,"for some, it's the last real taste of innocence, and the first real taste of life. but for everyone, it's the time that memories are made of.",8000000.0,52287414.0,rob reiner,"stephen king,raynold gideon,bruce a. evans"
218,rush,2013,8.1,"action,biography,drama",r,123.0,everyone's driven by something.,38000000.0,96983009.0,ron howard,peter morgan
219,network,1976,8.1,drama,r,121.0,"""network""... the humanoids, the love story, the trials and tribulations, the savior of television, the attempted suicides, the assassination -- it's all coming along with a galaxy of stars you know and love!",3800000.0,23690757.0,sidney lumet,paddy chayefsky
220,into the wild,2007,8.1,"adventure,biography,drama",r,148.0,into the heart into the soul,15000000.0,56675895.0,sean penn,"sean penn,jon krakauer"
221,before sunset,2004,8.1,"drama,romance",r,80.0,what if you had a second chance with the one that got away?,0.0,0.0,richard linklater,"richard linklater,julie delpy,ethan hawke"
222,the wizard of oz,1939,8.1,"adventure,family,fantasy",g,102.0,mighty miracle show of 1000 delights !,2777000.0,25637669.0,"victor fleming,george cukor(uncredited),mervyn leroy(uncredited)","noel langley,florence ryerson,edgar allan woolf"
223,pather panchali,1955,8.3,drama,not rated,125.0,the saga of an indian family,0.0,135342.0,satyajit ray,"bibhutibhushan bandyopadhyay,satyajit ray"
224,groundhog day,1993,8.1,"comedy,drama,fantasy",pg,101.0,what would you do if you were stuck in the same day... over and over? anything you want and everything your heart desires.,14600000.0,71108591.0,harold ramis,"danny rubin,harold ramis"
225,the best years of our lives,1946,8.1,"drama,romance,war",approved,170.0,the screen's greatest love story is the best film this year from hollywood!,2100000.0,23661347.0,william wyler,"robert e. sherwood,mackinlay kantor"
226,the exorcist,1973,8.1,horror,r,122.0,the movie you've been waiting for...without the wait.,11000000.0,441306145.0,william friedkin,william peter blatty
227,the incredibles,2004,8.0,"animation,action,adventure",pg,115.0,save the day,92000000.0,631607053.0,brad bird,brad bird
228,to be or not to be,1942,8.2,"comedy,romance,war",passed,99.0,the picture everyone wants to see.,0.0,0.0,ernst lubitsch,"melchior lengyel,edwin justus mayer,ernst lubitsch"
229,la haine,1995,8.1,"crime,drama",not rated,98.0,"so far, so good",0.0,0.0,mathieu kassovitz,mathieu kassovitz
230,the battle of algiers,1966,8.1,"drama,war",not rated,121.0,the french colonel...who was forced even to torture! one of the many women...who stopped at nothing to win! the algerian street boy...who became a rebel hero!,800000.0,962002.0,gillo pontecorvo,"franco solinas,gillo pontecorvo"
231,pirates of the caribbean: the curse of the black pearl,2003,8.1,"action,adventure,fantasy",pg-13,143.0,prepare to be blown out of the water.,140000000.0,654264015.0,gore verbinski,"ted elliott,terry rossio,stuart beattie"
232,hachi: a dog's tale,2009,8.1,"biography,drama,family",g,93.0,"a true story of faith, devotion and undying love.",0.0,0.0,lasse hallström,"stephen p. lindsey,kaneto shindô"
233,the grapes of wrath,1940,8.1,drama,passed,129.0,the thousands who have read the book will know why we will not sell any children tickets to see this picture!,800000.0,0.0,john ford,"nunnally johnson,john steinbeck"
234,jai bhim,2021,8.8,"crime,drama,mystery",tv-ma,164.0,imedramamystery,0.0,0.0,t.j. gnanavel,"t.j. gnanavel,rajendra sapre"
235,my father and my son,2005,8.2,"drama,family",not rated,112.0,"give him a room dad, he has no place to go...",0.0,0.0,çagan irmak,çagan irmak
236,amores perros,2000,8.1,"drama,thriller",r,154.0,love. betrayal. death.,2000000.0,20908467.0,alejandro g. iñárritu,guillermo arriaga
237,rebecca,1940,8.1,"drama,film-noir,mystery",approved,130.0,"the mighty novel leaps to turbulent life on the screen! (print ad- syracuse herald-american, ((syracuse, ny)) 24 march 1940)",1288000.0,72275.0,alfred hitchcock,"daphne du maurier,robert e. sherwood,joan harrison"
238,cool hand luke,1967,8.1,"crime,drama",gp,127.0,"""what we've got here is failure to communicate.""",3200000.0,67.0,stuart rosenberg,"donn pearce,frank pierson,hal dresner"
239,the handmaiden,2016,8.1,"drama,romance,thriller",not rated,145.0,never did they expect to get into a controversial relationship...,0.0,0.0,park chan-wook,"sarah waters,chung seo-kyung,park chan-wook"
240,the 400 blows,1959,8.1,"crime,drama",not rated,99.0,from the vanguard of new film-makers comes an extraordinary motion picture,0.0,127244.0,françois truffaut,"françois truffaut,marcel moussy"
241,the sound of music,1965,8.1,"biography,drama,family",g,172.0,radiance that floods the screen...and warms the heart!,8200000.0,159428329.0,robert wise,"georg hurdalek,howard lindsay,russel crouse"
242,it happened one night,1934,8.1,"comedy,romance",passed,105.0,two great lovers of the screen in the grandest of romantic comedies !,325000.0,11477.0,frank capra,"robert riskin,samuel hopkins adams"
243,persona,1966,8.1,"drama,thriller",not rated,83.0,a new film by ingmar bergman,0.0,0.0,ingmar bergman,ingmar bergman
244,life of brian,1979,8.0,comedy,r,94.0,a motion picture destined to offend nearly two thirds of the civilized world. and severely annoy the other third.,4000000.0,20745728.0,terry jones,"graham chapman,john cleese,terry gilliam"
245,the iron giant,1999,8.1,"animation,action,adventure",pg,86.0,some secrets are too huge to hide,70000000.0,23335817.0,brad bird,"tim mccanlies,brad bird,ted hughes"
246,the help,2011,8.1,drama,pg-13,146.0,change begins with a whisper.,25000000.0,216639112.0,tate taylor,"tate taylor,kathryn stockett"
247,dersu uzala,1975,8.2,"adventure,biography,drama",g,142.0,there is man and beast at nature's mercy. there is awe and love and reverence. and there is the man called...,4000000.0,14480.0,akira kurosawa,"akira kurosawa,yuriy nagibin,vladimir arsenev"
248,aladdin,1992,8.0,"animation,adventure,comedy",g,90.0,wish granted! (dvd re-release),0.0,0.0,"ron clements,john musker","ron clements,john musker,ted elliott"
249,gandhi,1982,8.0,"biography,drama,history",pg,191.0,his triumph changed the world forever.,22000000.0,52767889.0,richard attenborough,john briley
250,dances with wolves,1990,8.0,"adventure,drama,western",pg-13,181.0,inside everyone is a frontier waiting to be discovered.,22000000.0,424208848.0,kevin costner,michael blake
